freq,size_emp,nace_r2,indic_is,unit,geo,time,value
A,GE10,C10-S951_X_K,E_AI_TANY,PC_ENT,EU27_2020,2021,7.65
A,GE10,C10-S951_X_K,E_AI_TANY,PC_ENT,EU27_2020,2023,8.06
A,GE10,C10-S951_X_K,E_AI_TANY,PC_ENT,EU27_2020,2024,13.48
A,GE10,C10-S951_X_K,E_AI_TANY,PC_ENT,EU27_2020,2025,19.95
A,GE10,C10-S951_X_K,E_AI_TX,PC_ENT,EU27_2020,2021,87.13
A,GE10,C10-S951_X_K,E_AI_TX,PC_ENT,EU27_2020,2023,90.12
A,GE10,C10-S951_X_K,E_AI_TX,PC_ENT,EU27_2020,2024,84.71
A,GE10,C10-S951_X_K,E_AI_TX,PC_ENT,EU27_2020,2025,79.09
A,GE10,C10-S951_X_K,E_AI_EC,PC_ENT,EU27_2020,2023,6.48
A,GE10,C10-S951_X_K,E_AI_EC,PC_ENT,EU27_2020,2024,10.02
A,GE10,C10-S951_X_K,E_AI_EC,PC_ENT,EU27_2020,2025,11.1
A,GE10,J62_J63,E_AI_TANY,PC_ENT,EU27_2020,2021,28.17
A,GE10,J62_J63,E_AI_TANY,PC_ENT,EU27_2020,2023,32.5
A,GE10,J62_J63,E_AI_TANY,PC_ENT,EU27_2020,2024,52.63
A,GE10,J62_J63,E_AI_TANY,PC_ENT,EU27_2020,2025,65.7
A,GE10,J62_J63,E_AI_TX,PC_ENT,EU27_2020,2021,69.06
A,GE10,J62_J63,E_AI_TX,PC_ENT,EU27_2020,2023,65.97
A,GE10,J62_J63,E_AI_TX,PC_ENT,EU27_2020,2024,46.13
A,GE10,J62_J63,E_AI_TX,PC_ENT,EU27_2020,2025,34.19
A,GE10,J62_J63,E_AI_EC,PC_ENT,EU27_2020,2023,15.62
A,GE10,J62_J63,E_AI_EC,PC_ENT,EU27_2020,2024,13.77
A,GE10,J62_J63,E_AI_EC,PC_ENT,EU27_2020,2025,11.35
